<?xml version="1.0" encoding="UTF-8"?>
<pub>
  <header>
    <name>DjulCMP</name>
    <year>2012</year>
    <month>12</month>
    <day>19</day>
    <description />
  </header>
  <categories amount="8">
    <category id="0">Lager</category>
    <category id="1">Ale</category>
    <category id="2">Belgare</category>
    <category id="3">Porter / Stout</category>
    <category id="4">Weißbier</category>
    <category id="5">Dugges</category>
    <category id="6">Random annat</category>
    <category id="7">Blask och Alkoholsvagt</category>
  </categories>
  <beers>
    <beer>
      <name>Brooklyn Lager</name>
      <type>Lager</type>
      <country>USA</country>
      <abv>5.2</abv>
      <volume>335</volume>
      <id>1548</id>
      <buyprice>16.2</buyprice>
      <sellprice>20</sellprice>
      <news>false</news>
      <category>0</category>
      <stockbefore>7</stockbefore>
      <stockafter>7</stockafter>
    </beer>
    <beer>
      <name>Göteborgs Nya Starkpilsner</name>
      <type>Lager</type>
      <country>SWE</country>
      <abv>5.7</abv>
      <volume>500</volume>
      <id>81881</id>
      <buyprice>18.7</buyprice>
      <sellprice>30</sellprice>
      <news>false</news>
      <category>0</category>
      <stockbefore>10</stockbefore>
      <stockafter>8</stockafter>
    </beer>
    <beer>
      <name>Hell</name>
      <type>Lager</type>
      <country>SWE</country>
      <abv>5.1</abv>
      <volume>500</volume>
      <id>11460</id>
      <buyprice>22.9</buyprice>
      <sellprice>30</sellprice>
      <news>false</news>
      <category>0</category>
      <stockbefore>4</stockbefore>
      <stockafter>3</stockafter>
    </beer>
    <beer>
      <name>Pilsner Urquell</name>
      <type>Lager</type>
      <country>CZE</country>
      <abv>4.4</abv>
      <volume>330</volume>
      <id>1566</id>
      <buyprice>14.9</buyprice>
      <sellprice>20</sellprice>
      <news>false</news>
      <category>0</category>
      <stockbefore>10</stockbefore>
      <stockafter>10</stockafter>
    </beer>
    <beer>
      <name>Pistonhead Kustom Lager</name>
      <type>Lager</type>
      <country>SWE</country>
      <abv>4.9</abv>
      <volume>330</volume>
      <id>1454</id>
      <buyprice>10.9</buyprice>
      <sellprice>20</sellprice>
      <news>false</news>
      <category>0</category>
      <stockbefore>120</stockbefore>
      <stockafter>90</stockafter>
    </beer>
    <beer>
      <name>Red Stripe</name>
      <type>Lager</type>
      <country>JAM</country>
      <abv>4.7</abv>
      <volume>330</volume>
      <id>1531</id>
      <buyprice>14.9</buyprice>
      <sellprice>20</sellprice>
      <news>false</news>
      <category>0</category>
      <stockbefore>7</stockbefore>
      <stockafter>4</stockafter>
    </beer>
    <beer>
      <name>Samuel Adams Black Lager</name>
      <type>Mörk Lager</type>
      <country>USA</country>
      <abv>4.9</abv>
      <volume>355</volume>
      <id>1535</id>
      <buyprice>15.9</buyprice>
      <sellprice>20</sellprice>
      <news>false</news>
      <category>0</category>
      <stockbefore>5</stockbefore>
      <stockafter>5</stockafter>
    </beer>
    <beer>
      <name>Samuel Adams Boston Lager</name>
      <type>Vienna Lager</type>
      <country>USA</country>
      <abv>4.8</abv>
      <volume>355</volume>
      <id>1546</id>
      <buyprice>15.9</buyprice>
      <sellprice>20</sellprice>
      <news>false</news>
      <category>0</category>
      <stockbefore>6</stockbefore>
      <stockafter>6</stockafter>
    </beer>
    <beer>
      <name>Zeitgeist</name>
      <type>Mörk Lager</type>
      <country>GBR</country>
      <abv>4.9</abv>
      <volume>330</volume>
      <id>1578</id>
      <buyprice>15.9</buyprice>
      <sellprice>20</sellprice>
      <news>false</news>
      <category>0</category>
      <stockbefore>5</stockbefore>
      <stockafter>4</stockafter>
    </beer>
    <beer>
      <name>1698</name>
      <type>English Strong Ale</type>
      <country>GBR</country>
      <abv>6.5</abv>
      <volume>330</volume>
      <id>1698</id>
      <buyprice>15.4</buyprice>
      <sellprice>20</sellprice>
      <news>false</news>
      <category>1</category>
      <stockbefore>6</stockbefore>
      <stockafter>2</stockafter>
    </beer>
    <beer>
      <name>Bedarö Bitter</name>
      <type>Bitter</type>
      <country>SWE</country>
      <abv>4.5</abv>
      <volume>500</volume>
      <id>1410</id>
      <buyprice>27.7</buyprice>
      <sellprice>35</sellprice>
      <news>false</news>
      <category>1</category>
      <stockbefore>1</stockbefore>
      <stockafter>1</stockafter>
    </beer>
    <beer>
      <name>BrewDog Trashy Blonde</name>
      <type>English Pale Ale</type>
      <country>GBR</country>
      <abv>4.1</abv>
      <volume>330</volume>
      <id>11581</id>
      <buyprice>15.9</buyprice>
      <sellprice>20</sellprice>
      <news>false</news>
      <category>1</category>
      <stockbefore>0</stockbefore>
      <stockafter>0</stockafter>
    </beer>
    <beer>
      <name>Fuller's ESB</name>
      <type>Bitter</type>
      <country>GBR</country>
      <abv>5.9</abv>
      <volume>500</volume>
      <id>11405</id>
      <buyprice>25.4</buyprice>
      <sellprice>30</sellprice>
      <news>false</news>
      <category>1</category>
      <stockbefore>5</stockbefore>
      <stockafter>4</stockafter>
    </beer>
    <beer>
      <name>Fuller's Golden Pride</name>
      <type>English Strong Ale</type>
      <country>GBR</country>
      <abv>8.5</abv>
      <volume>330</volume>
      <id>1555</id>
      <buyprice>17.9</buyprice>
      <sellprice>25</sellprice>
      <news>false</news>
      <category>1</category>
      <stockbefore>5</stockbefore>
      <stockafter>5</stockafter>
    </beer>
    <beer>
      <name>Fuller's IPA</name>
      <type>IPA</type>
      <country>GBR</country>
      <abv>5.3</abv>
      <volume>500</volume>
      <id>1518</id>
      <buyprice>23.8</buyprice>
      <sellprice>30</sellprice>
      <news>false</news>
      <category>1</category>
      <stockbefore>5</stockbefore>
      <stockafter>4</stockafter>
    </beer>
    <beer>
      <name>Fuller's London Pride</name>
      <type>English Pale Ale</type>
      <country>GBR</country>
      <abv>4.7</abv>
      <volume>500</volume>
      <id>1642</id>
      <buyprice>24.8</buyprice>
      <sellprice>30</sellprice>
      <news>false</news>
      <category>1</category>
      <stockbefore>0</stockbefore>
      <stockafter>0</stockafter>
    </beer>
    <beer>
      <name>Mikkeller Jackie Brown</name>
      <type>Brown Ale</type>
      <country>DEN</country>
      <abv>5.9</abv>
      <volume>500</volume>
      <id>1312</id>
      <buyprice>34.9</buyprice>
      <sellprice>45</sellprice>
      <news>false</news>
      <category>1</category>
      <stockbefore>0</stockbefore>
      <stockafter>0</stockafter>
    </beer>
    <beer>
      <name>Mikkeller K:rlek</name>
      <type>American Pale Ale</type>
      <country>DEN</country>
      <abv>6.2</abv>
      <volume>330</volume>
      <id>11713</id>
      <buyprice>33.9</buyprice>
      <sellprice>45</sellprice>
      <news>true</news>
      <category>1</category>
      <stockbefore>5</stockbefore>
      <stockafter>0</stockafter>
    </beer>
    <beer>
      <name>Modus Hoperandi</name>
      <type>IPA</type>
      <country>USA</country>
      <abv>6.8</abv>
      <volume>355</volume>
      <id>1539</id>
      <buyprice>23.9</buyprice>
      <sellprice>30</sellprice>
      <news>false</news>
      <category>1</category>
      <stockbefore>7</stockbefore>
      <stockafter>5</stockafter>
    </beer>
    <beer>
      <name>Nils Oscar Hop Yard</name>
      <type>IPA</type>
      <country>SWE</country>
      <abv>7.3</abv>
      <volume>330</volume>
      <id>1493</id>
      <buyprice>25.4</buyprice>
      <sellprice>30</sellprice>
      <news>false</news>
      <category>1</category>
      <stockbefore>3</stockbefore>
      <stockafter>3</stockafter>
    </beer>
    <beer>
      <name>Nils Oscar India Ale</name>
      <type>English Pale Ale</type>
      <country>SWE</country>
      <abv>5.3</abv>
      <volume>330</volume>
      <id>1464</id>
      <buyprice>18.8</buyprice>
      <sellprice>25</sellprice>
      <news>false</news>
      <category>1</category>
      <stockbefore>5</stockbefore>
      <stockafter>4</stockafter>
    </beer>
    <beer>
      <name>Ocean Ebbot Ale</name>
      <type>English Strong Ale</type>
      <country>SWE</country>
      <abv>5.0</abv>
      <volume>500</volume>
      <id>89129</id>
      <buyprice>29.8</buyprice>
      <sellprice>40</sellprice>
      <news>false</news>
      <category>1</category>
      <stockbefore>0</stockbefore>
      <stockafter>0</stockafter>
    </beer>
    <beer>
      <name>Ocean Glenn No 5</name>
      <type>Ale</type>
      <country>SWE</country>
      <abv>5.0</abv>
      <volume>500</volume>
      <id>89147</id>
      <buyprice>29.8</buyprice>
      <sellprice>40</sellprice>
      <news>false</news>
      <category>1</category>
      <stockbefore>0</stockbefore>
      <stockafter>0</stockafter>
    </beer>
    <beer>
      <name>Ocean IPA</name>
      <type>IPA</type>
      <country>SWE</country>
      <abv>5.4</abv>
      <volume>500</volume>
      <id>89852</id>
      <buyprice>29.7</buyprice>
      <sellprice>40</sellprice>
      <news>false</news>
      <category>1</category>
      <stockbefore>0</stockbefore>
      <stockafter>0</stockafter>
    </beer>
    <beer>
      <name>Old Tom The Original</name>
      <type>Old ale</type>
      <country>GBR</country>
      <abv>8.5</abv>
      <volume>330</volume>
      <id>1624</id>
      <buyprice>24.8</buyprice>
      <sellprice>30</sellprice>
      <news>false</news>
      <category>1</category>
      <stockbefore>4</stockbefore>
      <stockafter>0</stockafter>
    </beer>
    <beer>
      <name>Oppigårds Amarillo</name>
      <type>APA</type>
      <country>SWE</country>
      <abv>5.9</abv>
      <volume>330</volume>
      <id>1442</id>
      <buyprice>18.8</buyprice>
      <sellprice>25</sellprice>
      <news>false</news>
      <category>1</category>
      <stockbefore>8</stockbefore>
      <stockafter>4</stockafter>
    </beer>
    <beer>
      <name>Oppigårds Golden Ale</name>
      <type>Golden Ale</type>
      <country>SWE</country>
      <abv>5.2</abv>
      <volume>330</volume>
      <id>1490</id>
      <buyprice>16.9</buyprice>
      <sellprice>20</sellprice>
      <news>false</news>
      <category>1</category>
      <stockbefore>8</stockbefore>
      <stockafter>5</stockafter>
    </beer>
    <beer>
      <name>Oppigårds Indian Tribute</name>
      <type>IPA</type>
      <country>SWE</country>
      <abv>6.6</abv>
      <volume>330</volume>
      <id>1415</id>
      <buyprice>20.9</buyprice>
      <sellprice>30</sellprice>
      <news>true</news>
      <category>1</category>
      <stockbefore>6</stockbefore>
      <stockafter>3</stockafter>
    </beer>
    <beer>
      <name>Oppigårds Single Hop Ale</name>
      <type>Golden Ale/Blond Ale</type>
      <country>SWE</country>
      <abv>4.8</abv>
      <volume>330</volume>
      <id>1475</id>
      <buyprice>16.9</buyprice>
      <sellprice>20</sellprice>
      <news>false</news>
      <category>1</category>
      <stockbefore>11</stockbefore>
      <stockafter>5</stockafter>
    </beer>
    <beer>
      <name>Punk IPA</name>
      <type>IPA</type>
      <country>SWE</country>
      <abv>5.6</abv>
      <volume>330</volume>
      <id>1515</id>
      <buyprice>19.9</buyprice>
      <sellprice>25</sellprice>
      <news>false</news>
      <category>1</category>
      <stockbefore>2</stockbefore>
      <stockafter>0</stockafter>
    </beer>
    <beer>
      <name>Samuel Adams Boston Ale</name>
      <type>Amber Ale</type>
      <country>USA</country>
      <abv>4.8</abv>
      <volume>355</volume>
      <id>1649</id>
      <buyprice>17.4</buyprice>
      <sellprice>20</sellprice>
      <news>false</news>
      <category>1</category>
      <stockbefore>5</stockbefore>
      <stockafter>1</stockafter>
    </beer>
    <beer>
      <name>Scarecrow</name>
      <type>English Pale Ale</type>
      <country>GBR</country>
      <abv>4.7</abv>
      <volume>500</volume>
      <id>11246</id>
      <buyprice>23.9</buyprice>
      <sellprice>30</sellprice>
      <news>false</news>
      <category>1</category>
      <stockbefore>4</stockbefore>
      <stockafter>0</stockafter>
    </beer>
    <beer>
      <name>Sierra Nevada Pale Ale</name>
      <type>American Pale Ale</type>
      <country>USA</country>
      <abv>5.6</abv>
      <volume>355</volume>
      <id>1525</id>
      <buyprice>22.9</buyprice>
      <sellprice>30</sellprice>
      <news>false</news>
      <category>1</category>
      <stockbefore>5</stockbefore>
      <stockafter>5</stockafter>
    </beer>
    <beer>
      <name>Sierra Nevada Torpedo IPA</name>
      <type>IPA</type>
      <country>USA</country>
      <abv>7.2</abv>
      <volume>350</volume>
      <id>11528</id>
      <buyprice>24.9</buyprice>
      <sellprice>30</sellprice>
      <news>false</news>
      <category>1</category>
      <stockbefore>5</stockbefore>
      <stockafter>5</stockafter>
    </beer>
    <beer>
      <name>Chimay Blå</name>
      <type>Trappist</type>
      <country>BEL</country>
      <abv>9.0</abv>
      <volume>330</volume>
      <id>1651</id>
      <buyprice>28.9</buyprice>
      <sellprice>35</sellprice>
      <news>false</news>
      <category>2</category>
      <stockbefore>2</stockbefore>
      <stockafter>2</stockafter>
    </beer>
    <beer>
      <name>Chimay Vit</name>
      <type>Trappist</type>
      <country>BEL</country>
      <abv>8.0</abv>
      <volume>330</volume>
      <id>1657</id>
      <buyprice>26.9</buyprice>
      <sellprice>30</sellprice>
      <news>false</news>
      <category>2</category>
      <stockbefore>0</stockbefore>
      <stockafter>0</stockafter>
    </beer>
    <beer>
      <name>Duvel</name>
      <type>Belgian Strong Pale Ale</type>
      <country>BEL</country>
      <abv>8.5</abv>
      <volume>330</volume>
      <id>1654</id>
      <buyprice>25.4</buyprice>
      <sellprice>30</sellprice>
      <news>false</news>
      <category>2</category>
      <stockbefore>2</stockbefore>
      <stockafter>2</stockafter>
    </beer>
    <beer>
      <name>Kwak</name>
      <type>Belgian Strong Pale Ale</type>
      <country>BEL</country>
      <abv>8.0</abv>
      <volume>330</volume>
      <id>1664</id>
      <buyprice>23.9</buyprice>
      <sellprice>30</sellprice>
      <news>false</news>
      <category>2</category>
      <stockbefore>0</stockbefore>
      <stockafter>0</stockafter>
    </beer>
    <beer>
      <name>La Trappe Tripel</name>
      <type>Tripel</type>
      <country>NLD</country>
      <abv>8.0</abv>
      <volume>330</volume>
      <id>1607</id>
      <buyprice>19.9</buyprice>
      <sellprice>25</sellprice>
      <news>false</news>
      <category>2</category>
      <stockbefore>1</stockbefore>
      <stockafter>1</stockafter>
    </beer>
    <beer>
      <name>Rochefort 10</name>
      <type>Trappist</type>
      <country>BEL</country>
      <abv>11.3</abv>
      <volume>330</volume>
      <id>1627</id>
      <buyprice>39.9</buyprice>
      <sellprice>50</sellprice>
      <news>false</news>
      <category>2</category>
      <stockbefore>0</stockbefore>
      <stockafter>0</stockafter>
    </beer>
    <beer>
      <name>Rochefort 8</name>
      <type>Trappist</type>
      <country>BEL</country>
      <abv>9.2</abv>
      <volume>330</volume>
      <id>1619</id>
      <buyprice>34.9</buyprice>
      <sellprice>40</sellprice>
      <news>false</news>
      <category>2</category>
      <stockbefore>1</stockbefore>
      <stockafter>1</stockafter>
    </beer>
    <beer>
      <name>Westmalle Dubbel</name>
      <type>Trappist</type>
      <country>BEL</country>
      <abv>7.0</abv>
      <volume>330</volume>
      <id>1540</id>
      <buyprice>26.5</buyprice>
      <sellprice>30</sellprice>
      <news>false</news>
      <category>2</category>
      <stockbefore>0</stockbefore>
      <stockafter>0</stockafter>
    </beer>
    <beer>
      <name>Flying Dog Gonzo</name>
      <type>Imperial Porter</type>
      <country>USA</country>
      <abv>9.2</abv>
      <volume>355</volume>
      <id>1683</id>
      <buyprice>29.9</buyprice>
      <sellprice>40</sellprice>
      <news>false</news>
      <category>3</category>
      <stockbefore>2</stockbefore>
      <stockafter>1</stockafter>
    </beer>
    <beer>
      <name>Nils Oscar Rökporter</name>
      <type>Porter</type>
      <country>SWE</country>
      <abv>5.9</abv>
      <volume>500</volume>
      <id>1473</id>
      <buyprice>25.5</buyprice>
      <sellprice>30</sellprice>
      <news>false</news>
      <category>3</category>
      <stockbefore>3</stockbefore>
      <stockafter>2</stockafter>
    </beer>
    <beer>
      <name>Ocean Göteborgporter</name>
      <type>English Porter</type>
      <country>SWE</country>
      <abv>5.0</abv>
      <volume>500</volume>
      <id>89920</id>
      <buyprice>29.8</buyprice>
      <sellprice>40</sellprice>
      <news>false</news>
      <category>3</category>
      <stockbefore>1</stockbefore>
      <stockafter>1</stockafter>
    </beer>
    <beer>
      <name>Franziskaner Hefe</name>
      <type>Weißbier</type>
      <country>DEU</country>
      <abv>5.0</abv>
      <volume>500</volume>
      <id>1687</id>
      <buyprice>19.5</buyprice>
      <sellprice>30</sellprice>
      <news>false</news>
      <category>5</category>
      <stockbefore>2</stockbefore>
      <stockafter>0</stockafter>
    </beer>
    <beer>
      <name>Schneider Weisse Tap 4</name>
      <type>Weizen Eisbock</type>
      <country>DEU</country>
      <abv>6.2</abv>
      <volume>500</volume>
      <id>1507</id>
      <buyprice>21.9</buyprice>
      <sellprice>30</sellprice>
      <news>false</news>
      <category>5</category>
      <stockbefore>2</stockbefore>
      <stockafter>1</stockafter>
    </beer>
    <beer>
      <name>Weihenstephaner Hefe</name>
      <type>Hefe Weizen</type>
      <country>DEU</country>
      <abv>5.4</abv>
      <volume>500</volume>
      <id>1526</id>
      <buyprice>21.6</buyprice>
      <sellprice>30</sellprice>
      <news>false</news>
      <category>5</category>
      <stockbefore>3</stockbefore>
      <stockafter>2</stockafter>
    </beer>
    <beer>
      <name>Gustafs Finger 33cl</name>
      <type>Premium Bitter/ESB</type>
      <country>SWE</country>
      <abv>5.8</abv>
      <volume>330</volume>
      <id>1313</id>
      <buyprice>18.9</buyprice>
      <sellprice>25</sellprice>
      <news>false</news>
      <category>7</category>
      <stockbefore>1</stockbefore>
      <stockafter>0</stockafter>
    </beer>
    <beer>
      <name>Anchor Steam Beer</name>
      <type>California Common</type>
      <country>USA</country>
      <abv>4.8</abv>
      <volume>355</volume>
      <id>1575</id>
      <buyprice>19.2</buyprice>
      <sellprice>20</sellprice>
      <news>false</news>
      <category>10</category>
      <stockbefore>5</stockbefore>
      <stockafter>1</stockafter>
    </beer>
    <beer>
      <name>Timmermans Kriek</name>
      <type>Lambic - Fruit</type>
      <country>BEL</country>
      <abv>4.5</abv>
      <volume>250</volume>
      <id>1666</id>
      <buyprice>16.9</buyprice>
      <sellprice>20</sellprice>
      <news>false</news>
      <category>10</category>
      <stockbefore>8</stockbefore>
      <stockafter>7</stockafter>
    </beer>
    <beer>
      <name>Astrakan Fläderblom</name>
      <type>Cider - Äpple</type>
      <country>SWE</country>
      <abv>4.5</abv>
      <volume>500</volume>
      <id>1877</id>
      <buyprice>18.5</buyprice>
      <sellprice>30</sellprice>
      <news>false</news>
      <category>11</category>
      <stockbefore>2</stockbefore>
      <stockafter>0</stockafter>
    </beer>
    <beer>
      <name>Astrakan Äppelcider</name>
      <type>Äpple</type>
      <country>SWE</country>
      <abv>7.0</abv>
      <volume>500</volume>
      <id>1816</id>
      <buyprice>25.0</buyprice>
      <sellprice>30</sellprice>
      <news>false</news>
      <category>11</category>
      <stockbefore>2</stockbefore>
      <stockafter>0</stockafter>
    </beer>
    <beer>
      <name>Brewdog Nanny State</name>
      <type>Non-Alcoholic</type>
      <country>GBR</country>
      <abv>0.5</abv>
      <volume>330</volume>
      <id>1947</id>
      <buyprice>11.5</buyprice>
      <sellprice>15</sellprice>
      <news>false</news>
      <category>11</category>
      <stockbefore>2</stockbefore>
      <stockafter>2</stockafter>
    </beer>
    <beer>
      <name>Green Goblin</name>
      <type>Cider</type>
      <country>GBR</country>
      <abv>6.0</abv>
      <volume>500</volume>
      <id>1817</id>
      <buyprice>29.9</buyprice>
      <sellprice>35</sellprice>
      <news>false</news>
      <category>11</category>
      <stockbefore>0</stockbefore>
      <stockafter>0</stockafter>
    </beer>
    <beer>
      <name>Strongbow</name>
      <type>Cider</type>
      <country>GBR</country>
      <abv>5.3</abv>
      <volume>275</volume>
      <id>1819</id>
      <buyprice>15.3</buyprice>
      <sellprice>20</sellprice>
      <news>false</news>
      <category>11</category>
      <stockbefore>10</stockbefore>
      <stockafter>10</stockafter>
    </beer>
  </beers>
</pub>

